onset	duration	trial_type	value	sample
112.954	10.0	right_hand	2	56477
134.294	10.0	left_hand	1	67147
155.772	10.0	right_hand	2	77886
177.264	10.0	left_hand	1	88632
198.278	10.0	left_hand	1	99139
219.476	10.0	right_hand	2	109738
240.75	10.0	left_hand	1	120375
261.854	10.0	right_hand	2	130927
283.244	10.0	right_hand	2	141622
304.26	10.0	left_hand	1	152130
325.366	10.0	left_hand	1	162683
346.806	10.0	right_hand	2	173403
368.032	10.0	right_hand	2	184016
389.124	10.0	left_hand	1	194562
410.218	10.0	left_hand	1	205109
431.26	10.0	right_hand	2	215630
452.622	10.0	left_hand	1	226311
474.112	10.0	right_hand	2	237056
495.166	10.0	left_hand	1	247583
516.288	10.0	right_hand	2	258144
537.688	10.0	right_hand	2	268844
558.842	10.0	left_hand	1	279421
579.872	10.0	right_hand	2	289936
601.21	10.0	left_hand	1	300605
622.322	10.0	left_hand	1	311161
643.564	10.0	right_hand	2	321782
664.726	10.0	left_hand	1	332363
686.118	10.0	right_hand	2	343059
707.392	10.0	right_hand	2	353696
728.606	10.0	left_hand	1	364303
749.742	10.0	left_hand	1	374871
771.014	10.0	right_hand	2	385507
792.462	10.0	right_hand	2	396231
813.596	10.0	left_hand	1	406798
835.044	10.0	left_hand	1	417522
856.214	10.0	right_hand	2	428107
877.688	10.0	right_hand	2	438844
898.882	10.0	left_hand	1	449441
920.096	10.0	right_hand	2	460048
941.314	10.0	left_hand	1	470657
