participant_id	age	sex	hand	weight	height	group	species	bci_experience
sub-10	n/a	n/a	R	n/a	n/a	healthy	homo sapiens	mixed (3 of 26 with prior BCI experience)
sub-12	n/a	n/a	R	n/a	n/a	healthy	homo sapiens	mixed (3 of 26 with prior BCI experience)
sub-14	n/a	n/a	R	n/a	n/a	healthy	homo sapiens	mixed (3 of 26 with prior BCI experience)
sub-15	n/a	n/a	R	n/a	n/a	healthy	homo sapiens	mixed (3 of 26 with prior BCI experience)
sub-16	n/a	n/a	R	n/a	n/a	healthy	homo sapiens	mixed (3 of 26 with prior BCI experience)
sub-17	n/a	n/a	R	n/a	n/a	healthy	homo sapiens	mixed (3 of 26 with prior BCI experience)
sub-18	n/a	n/a	R	n/a	n/a	healthy	homo sapiens	mixed (3 of 26 with prior BCI experience)
sub-19	n/a	n/a	R	n/a	n/a	healthy	homo sapiens	mixed (3 of 26 with prior BCI experience)
sub-20	n/a	n/a	R	n/a	n/a	healthy	homo sapiens	mixed (3 of 26 with prior BCI experience)
sub-21	n/a	n/a	R	n/a	n/a	healthy	homo sapiens	mixed (3 of 26 with prior BCI experience)
sub-22	n/a	n/a	R	n/a	n/a	healthy	homo sapiens	mixed (3 of 26 with prior BCI experience)
sub-23	n/a	n/a	R	n/a	n/a	healthy	homo sapiens	mixed (3 of 26 with prior BCI experience)
sub-24	n/a	n/a	R	n/a	n/a	healthy	homo sapiens	mixed (3 of 26 with prior BCI experience)
sub-25	n/a	n/a	R	n/a	n/a	healthy	homo sapiens	mixed (3 of 26 with prior BCI experience)
sub-26	n/a	n/a	R	n/a	n/a	healthy	homo sapiens	mixed (3 of 26 with prior BCI experience)
sub-27	n/a	n/a	R	n/a	n/a	healthy	homo sapiens	mixed (3 of 26 with prior BCI experience)
sub-28	n/a	n/a	R	n/a	n/a	healthy	homo sapiens	mixed (3 of 26 with prior BCI experience)
sub-29	n/a	n/a	R	n/a	n/a	healthy	homo sapiens	mixed (3 of 26 with prior BCI experience)
sub-3	n/a	n/a	R	n/a	n/a	healthy	homo sapiens	mixed (3 of 26 with prior BCI experience)
sub-30	n/a	n/a	R	n/a	n/a	healthy	homo sapiens	mixed (3 of 26 with prior BCI experience)
sub-31	n/a	n/a	R	n/a	n/a	healthy	homo sapiens	mixed (3 of 26 with prior BCI experience)
sub-5	n/a	n/a	R	n/a	n/a	healthy	homo sapiens	mixed (3 of 26 with prior BCI experience)
sub-6	n/a	n/a	R	n/a	n/a	healthy	homo sapiens	mixed (3 of 26 with prior BCI experience)
sub-7	n/a	n/a	R	n/a	n/a	healthy	homo sapiens	mixed (3 of 26 with prior BCI experience)
sub-8	n/a	n/a	R	n/a	n/a	healthy	homo sapiens	mixed (3 of 26 with prior BCI experience)
sub-9	n/a	n/a	R	n/a	n/a	healthy	homo sapiens	mixed (3 of 26 with prior BCI experience)
